name,category,tag,latitude,longitude
Sate Kambing & Gulai Keputih,amenity,restaurant,-7.2881922,112.7980034
Cafetaria Informatika,amenity,restaurant,-7.2800621,112.7970129
Kopi Ganes,amenity,cafe,-7.2876459,112.8040771
Warkop & Selep Ibu Supini,amenity,cafe,-7.289129,112.7998866
Kantin PENS,amenity,cafe,-7.2769599,112.7942646
Cafetaria Informatika,amenity,fast_food,-7.280065821625434,112.79701237473996
Kantin Ijo Teknik Fisika,amenity,canteen,-7.2841979,112.7961975
Kantin Teknik Mesin ITS,amenity,canteen,-7.2845661,112.7966918
Kantin Teknik Sipil ITS,amenity,canteen,-7.2799793,112.7931936
Kantin Geomatika ITS,amenity,canteen,-7.2801561,112.7944253
Kantin Studi Pembangunan ITS,amenity,canteen,-7.2825516,112.7952879
Kantin Biologi ITS,amenity,canteen,-7.2857002,112.7942749
Kantin Teknik Kimia ITS,amenity,canteen,-7.2826632,112.7971858
Kantin FTK ITS,amenity,canteen,-7.2819204,112.7968785
Kantin Vokasi ITS,amenity,canteen,-7.2785203,112.7923976
Kantin Despro ITS,amenity,canteen,-7.278683,112.7963064
Kantin Arsitektur ITS,amenity,canteen,-7.2803376,112.7940787
Kantin Teknik Lingkungan ITS,amenity,canteen,-7.2796056,112.7930042
Blok D,building,dormitory,-7.287655850000001,112.7924262
Blok I,building,dormitory,-7.2881796,112.79092865000004
Blok A,building,dormitory,-7.287286404066658,112.79171087445334
Blok E,building,dormitory,-7.289010948351,112.79168502654451
Blok C,building,dormitory,-7.28789205,112.7914089
Blok H,building,dormitory,-7.288631299999999,112.79146015
Blok B,building,dormitory,-7.287634272600553,112.79104398509224
Blok J,building,dormitory,-7.287786626179996,112.79031307138573
ITS International Dormitory,building,dormitory,-7.290259896406574,112.79339944950416
Asrama Mahasiswa ITS,building,dormitory,-7.289021389359106,112.79041955411073
ITS International Dormitory,building,dormitory,-7.286927671506703,112.79548390955074
Blok G,building,dormitory,-7.289034860835026,112.7908905240059
Blok M,building,dormitory,-7.288172335453427,112.79022092729716
Blok K,building,dormitory,-7.288506123048758,112.79024742000982
Apartemen Puncak Kertajaya,building,apartments,-7.2879559,112.7873681
Apartemen Dian Regency,building,apartments,-7.289787306102521,112.81219271102565
Tower D,building,apartments,-7.29804135,112.805454
Tower A,building,apartments,-7.29813445,112.8060655
Tower B,building,apartments,-7.298101230356326,112.80585500119687
Tower C,building,apartments,-7.29807065,112.80565760000002
Regency 21,building,residential,-7.2902568,112.7836654
Bumi Marina Emas,building,residential,-7.2911441,112.8020775
Sukolilo Dian Regency,building,residential,-7.2891047,112.8134068
Fakultas Vokasi ITS Institut Teknologi Sepuluh Nopember,building,university,-7.2785567,112.7915566
Graha Sepuluh Nopember,building,university,-7.276930686694935,112.79156434265197
D3 Mesin,building,university,-7.278531125317851,112.7918048711312
Departemen Teknik Instrumentasi,building,university,-7.278298196839806,112.79224580457436
Rektorat Institut Teknologi Sepuluh Nopember,building,university,-7.281441805661053,112.79458321438318
UPT Bahasa,building,university,-7.276931491741654,112.79281440783622
Gedung D3,building,university,-7.27878260609025,112.7925105081856
Kantor Satuan Keamanan Kampus,building,university,-7.282392250000001,112.79442165000002
Puskom,building,university,-7.283029129202939,112.79490421113672
Lab Bahasa,building,university,-7.282559705945806,112.79559650593464
Kimia,building,university,-7.283877094402955,112.79472909946948
UPMS,building,university,-7.282456499751433,112.79537662372584
Jurusan Arsitektur ITS,building,university,-7.280798365733,112.79415422488168
SCC,building,university,-7.283446349999999,112.79359245
BAUK ITS,building,university,-7.282764659486985,112.79475786008346
Departemen Teknik Informatika,building,university,-7.2795579661202865,112.79734730523772
Gedung Nasdec ITS,building,university,-7.279098775218578,112.7984354207439
Rektorat PPNS,building,university,-7.277504820736147,112.795864811526
Parkir Asrama,building,university,-7.288103410188068,112.79188085387231
Departemen Desain Produk Industri,building,university,-7.278825570610628,112.79652527827244
Biologi,building,university,-7.285930138168589,112.7940209946373
UPT Fasor,building,university,-7.284848219141617,112.79317642773684
Blok F,building,university,-7.2877745343287,112.79188957754778
Departemen Perencanaan Wilayah dan Kota,building,university,-7.279671649999999,112.7940897
Teknik Lingkungan ITS,building,university,-7.279731538948492,112.79262532092044
Pos SKK Utama,building,university,-7.279723200639669,112.79105547088868
Departemen Perencanaan Wilayah dan Kota,building,university,-7.279718698249986,112.7944082999866
Jurusan Teknik Perkapalan,building,university,-7.281803149999999,112.79729005
Gedung Teknik Kelautan Institut Teknologi Sepuluh Nopember,building,university,-7.282125027083772,112.79636822330616
Teknik Kelautan,building,university,-7.281747438912426,112.79697516321924
Laboratorium Energi,building,university,-7.277210061298948,112.79796545912232
Gedung Pusat Robotika ITS,building,university,-7.277027531409098,112.79793675783397
Teknik Kimia ITS,building,university,-7.282994265126494,112.796706773839
Jurusan Material & Metalurgi,building,university,-7.285109252839094,112.79782684792583
Teknik Perkapalan ITS,building,university,-7.282111474604475,112.79721530857836
Sistem Perkapalan,building,university,-7.28212538602227,112.79674002911636
Teknik Fisika,building,university,-7.284426712379791,112.7956600957362
Teknik Mesin,building,university,-7.284354584086797,112.79610221637942
Teknik Elektro ITS,building,university,-7.284926377363357,112.79607765605068
Kimia,building,university,-7.284045570016184,112.79528381011016
Statistika,building,university,-7.285421101897423,112.7941195247599
Fisika,building,university,-7.284504841092096,112.79482665252316
Matematika,building,university,-7.284937868470367,112.7949950480046
Matematika,building,university,-7.285284562443259,112.79465861304408
Lab Rekayasa Forensik,building,university,-7.276782296783379,112.79673802064484
Teknik Komputer,building,university,-7.284464092805576,112.79657413484104
Tempat Parkir,building,university,-7.28527655,112.7967095
Gedung EIC PENS,building,university,-7.275889294931098,112.79448709631866
Teknik Sipil,building,university,-7.280768654778644,112.79332114955022
Gedung Laboratorium Energi,building,university,-7.280650844935338,112.79600432435846
LPPM ITS,building,university,-7.280876460379304,112.79620402470428
Teknik Geomatika ITS,building,university,-7.280121323336145,112.79463477493094
Lorong Geomatika,building,university,-7.281049056170488,112.79522639194936
Selasar,building,university,-7.281877083911909,112.79488349863904
Gedung Robotika ITS,building,university,-7.277320881510957,112.7975578962624
Arsitektur,building,university,-7.281237249999999,112.79407119999998
Teknik Sipil,building,university,-7.280500036143414,112.79361312935022
Gazebo Arsitektur,building,university,-7.280379567469633,112.79402898422336
Lorong Perpus FTK UPMS,building,university,-7.282177934642003,112.79580488648998
Teknik Sipil,building,university,-7.280890101597046,112.79369296582786
Sekretariat JMMI TPKI ITS,building,university,-7.282590617635268,112.79260462918278
Jurusan Teknik Sipil ITS,building,university,-7.280261157929847,112.7931561914378
Jurusan Teknik Sipil,building,university,-7.280007395128232,112.79334164206414
Jurusan Teknik Sipil,building,university,-7.28022126234238,112.79365840257384
Mobil Listrik Nasional,building,university,-7.289281499999999,112.79655865
Gedung Pusat Riset ITS,building,university,-7.281078468526701,112.79729369266796
Gedung UPMB dan Pascasarjana ITS,building,university,-7.280577195135557,112.7953636229231
Biologi FMIPA ITS,building,university,-7.285693403462255,112.794315902425
Biologi FMIPA ITS,building,university,-7.285812863483255,112.79450171065278
Gedung Teater A,building,university,-7.283415141643094,112.79508727680252
Biologi ITS,building,university,-7.285947923348112,112.79453599838152
Theater B,building,university,-7.284257387413443,112.79508555719435
Theater C,building,university,-7.28460441938795,112.79531908563204
Kantin Pusat ITS,building,university,-7.283841480755714,112.7941133436398
Gedung D3 PENS,building,university,-7.2762923,112.79380295
Perpustakaan D4 PENS,building,university,-7.276537652485839,112.794938074423
Gedung D4 PENS,building,university,-7.276692273395096,112.79519464904578
Gedung D4 PENS,building,university,-7.276598428821582,112.79468030059824
Gedung D3 PENS,building,university,-7.276539133340615,112.79410142543232
Auditorium PENS,building,university,-7.2768382700362,112.79340411011948
Teknik Lingkungan,building,university,-7.2798028,112.79297005
FKG Universitas Hang Tuah,building,university,-7.292341056470376,112.79305100385618
VibrasticLab,building,university,-7.283753505486431,112.79589313639076
MIPA Tower,building,university,-7.285053124579605,112.79410118716156
Perpustakaan D3 PENS,building,university,-7.276561754148756,112.79353388001206
Gedung D3 PENS,building,university,-7.276891849999998,112.79385645
Lab-Lab TF,building,university,-7.283762314299924,112.79614841836424
Teknik Industri,building,university,-7.283802282275428,112.7976260159548
Gedung Pascasarjana PENS,building,university,-7.277118056708409,112.79315280731912
Teknik Geomatika ITS,building,university,-7.279982487244414,112.7949816460207
Departemen Statistika Bisnis,building,university,-7.278129194017051,112.79269354806571
Plaza Supeno,building,university,-7.27959325,112.7973833
Tower 2 ITS,building,university,-7.2852455945224035,112.7953423754262
Gedung Kuliah Terpadu,building,university,-7.278927048579121,112.79489302038785
Departemen Teknik Geofisika,building,university,-7.279952711376313,112.7955487586136
Departemen Desain Interior,building,university,-7.279535650000004,112.7958425
Fakultas Kedokteran,building,university,-7.275602500040978,112.79583993324208
Departemen Desain Komunikasi Visual,building,university,-7.278502019588322,112.796941996396
Sakinah Supermarket,building,shop,-7.290799396625097,112.79625148124582
Hypermart,building,shop,-7.28956251022025,112.78679967670575
Super Indo,building,shop,-7.28968911406579,112.787812265224
Sego Njamoer,amenity,restaurant,-7.2820499,112.7892322
Pigmalion,amenity,restaurant,-7.279955,112.7883857
Kyuka Ramen,amenity,restaurant,-7.2800295,112.7879016
Asrama Putri Airlangga,building,dormitory,-7.266806340699604,112.78869389933968
Asrama Putra Airlangga,building,dormitory,-7.266852884135124,112.78783019593833
Gedung A,building,university,-7.260719758084857,112.78838934892474
Gedung F,building,university,-7.260177522563516,112.7886584228684
Laboratorium Anatomi,building,university,-7.260620412295564,112.78813665263428
Gedung G,building,university,-7.260369496788721,112.78841599250208
Gedung Al-Tauhid,building,university,-7.25998070609041,112.78902017889042
Student Center,building,university,-7.260902304289075,112.78797996794056
Gedung At-Taawun,building,university,-7.259837878867509,112.78951699149928
Gedung Workshop,building,university,-7.266634356083191,112.78621229721932
Super Indo Supermarket Kenjeran,building,shop,-7.252449643317208,112.79165936582142
Choky Spaghetti & Coffee - Keputih Surabaya,amenity,shop,-7.2935521,112.8018254
Keputih Grilled Fish,amenity,restaurant,-7.2900219,112.7998391
Warung Kane,amenity,restaurant,-7.2886082,112.8014116
Sult Cafe & Eatery,amenity,cafe,-7.2901885,112.7885638
Dapoer Mantab Artisan Chinese Food,amenity,takeaway,-7.2926904,112.802933
"""J-One"" Restaurant",amenity,restaurant,-7.2874756,112.794552
Warung Kampus,amenity,restaurant,-7.2888766,112.7931996
Fadhila Stall,amenity,restaurant,-7.2894214,112.7995009
Bubur Kepagian Keputih,amenity,restaurant,-7.2893881,112.800244
Wisata Kuliner Keputih,amenity,restaurant,-7.2950859,112.8016624
Warung Emak Keputih,amenity,restaurant,-7.2890043,112.8002679
Bagong Duck,amenity,restaurant,-7.2880544,112.8006646
Ayam Geprek Mr Suprek Cabang ITS,amenity,restaurant,-7.2908623,112.8002797
Ada Apa dengan Kopi - AADK Hakim,amenity,restaurant,-7.289975,112.7882303
Pawon Chef Rudy,amenity,restaurant,-7.2874565,112.8007531
Rumah Makan Goyang Lidah,amenity,restaurant,-7.2901958,112.7973534
Bakso Balungan 369,amenity,restaurant,-7.2918983,112.8081828
Bebek Goreng Mesra Surabaya,amenity,restaurant,-7.2881729,112.8147329
Katsugoi,amenity,restaurant,-7.2918754,112.8081692
Ikan Bakar Keputih Express,amenity,restaurant,-7.2848201,112.8055699
Sabeni Sambal N Fried Chicken,amenity,takeaway,-7.2905661,112.7999408
Depot Tombo Luwe,amenity,restaurant,-7.2900878,112.7972642
LaKwok Restaurant,amenity,restaurant,-7.2690849,112.8079431
Warung Bu Tari,amenity,restaurant,-7.2877479,112.8004009
Ayam Bakar Pak D - Keputih 2,amenity,restaurant,-7.2901741,112.7988861
Warung Bursa Rasa 2,amenity,restaurant,-7.2914341,112.8020055
Sego Ndog Keputih,amenity,restaurant,-7.2895344,112.8040492
Penyetan Bu Yanti Keputih,amenity,restaurant,-7.2900995,112.797258
Warung Mbak Sieh,amenity,restaurant,-7.2886338,112.7992839
Geprek Gepruk Keputih,amenity,takeaway,-7.2913139,112.8017363
Warung La,amenity,restaurant,-7.2913611,112.8016812
Warung Bakaran Ngelalap,amenity,restaurant,-7.2894465,112.7999137
Bakwan & Mie Santun Keputih,amenity,restaurant,-7.292341,112.8111092
Bakoel Kopi Suroboyo,amenity,cafe,-7.2897777,112.7996501
Ayam dan Bebek Goreng,amenity,restaurant,-7.2887978,112.8004817
Warung U7 - Dinasty Arek ITS,amenity,restaurant,-7.2838022,112.799651
Kuliner Keputih Tegal Timur,amenity,takeaway,-7.2918983,112.8081828
Warung Mbak Fanie's,amenity,restaurant,-7.2916418,112.7996172
Mbak Khol's Foodstall,amenity,restaurant,-7.2884444,112.7988172
WarJu,amenity,restaurant,-7.281852,112.8007786
Ikan Bakar Beda Rasa,amenity,restaurant,-7.289138,112.800203
Warung Mbak Lis,amenity,restaurant,-7.2914664,112.8015975
Warung Mayar Bu Sri,amenity,restaurant,-7.2917958,112.8004761
Nyah Cen - Spesial Dendeng Gimbal (Cabang Sukolilo),amenity,restaurant,-7.2902356,112.8113122
Dapur Mbak Uut Keputih Tegal Timur Surabaya,amenity,food_court,-7.28855,112.8036734
Warung Caknari Munos,amenity,restaurant,-7.285944,112.8004529
Pecel Nganjuk,amenity,restaurant,-7.2886701,112.8003617
Warung Gg 3,amenity,restaurant,-7.2909232,112.7988326
Titik Koma Grand Eastern,amenity,shop,-7.2917597,112.812315
Cuanki Cep Bewok - Keputih,amenity,restaurant,-7.2950135,112.8013845
Rumah Makan Palapa,amenity,restaurant,-7.28964,112.7823586
Warteg Bu Erni,amenity,restaurant,-7.2897826,112.7833198
Kopi Lain Hati - Keputih,amenity,shop,-7.2918075,112.8068284
Rahaja Minang,amenity,restaurant,-7.2896908,112.7979858
Boim Chinese Food,amenity,restaurant,-7.2900552,112.7978663
Soto Ayam Lamongan Cak Har (Main Branch),amenity,restaurant,-7.2897292,112.7832073
Pecel Bu Umi,amenity,restaurant,-7.2900221,112.7983597
Ayam Gepuk Pak Gembus ITS University,amenity,restaurant,-7.2900537,112.7978446
Sambel Cubit Keputih,amenity,restaurant,-7.2924227,112.8101254
Masakan Padang Cahaya Minang,amenity,restaurant,-7.2896891,112.7979947
Kedai E 5,amenity,restaurant,-7.2923,112.7967609
Jannah Resto & Catering,amenity,restaurant,-7.2804317,112.8023752
Geprek Cip Cip Arief Rahman Hakim,amenity,restaurant,-7.2900519,112.7884672
Warung Abah,amenity,restaurant,-7.2882939,112.7980303
Warung Makan Sederhana,amenity,restaurant,-7.2882503,112.7978995
Warduk's,amenity,shop,-7.2893749,112.7975919
Warung Nasi Bakar Mak Ijah,amenity,restaurant,-7.2892651,112.8000975
Ozan Stall,amenity,restaurant,-7.289757,112.799351
Kedai Mie Bajak,amenity,shop,-7.2897592,112.7981792
Warung Penyetan Pak Kumis,amenity,restaurant,-7.2897462,112.7982573
Rock Chicken Keputih,amenity,takeaway,-7.2904404,112.799668
Warung Sederhana,amenity,restaurant,-7.2880736,112.8006987
Warma,amenity,restaurant,-7.2919545,112.8017781
Masakan Padang Surya Indah,amenity,restaurant,-7.2904513,112.7955073
Warung Pusat Rasa Makanan Khas Seafood,amenity,restaurant,-7.2890154,112.8002738
Warung Kuning Keputih Sukolilo,amenity,restaurant,-7.2869522,112.8021479
Warung Pecel Diana,amenity,restaurant,-7.2917856,112.8017916
Ayam Bakar Mak'ni,amenity,restaurant,-7.2906073,112.7954855
Dapoer Hutan Bamboo,amenity,restaurant,-7.298781,112.8003242
Pecel Blitar Bilqis Keputih Tegal Timur,amenity,restaurant,-7.2918738,112.8081572
Kantin Biologi,amenity,cafe,-7.2856871,112.7943126
Duatema Chicken&beef Keputih,amenity,restaurant,-7.2907523,112.8001123
Nasi Campur Betawi Mpok Siti,amenity,restaurant,-7.2907856,112.8009379
Bu Sandra Eatery,amenity,restaurant,-7.2887947,112.8010666
Warung Bu Har,amenity,restaurant,-7.2893567,112.7834718
Penyetan Cak Kabul ( Pusat Kuliner Deles ),amenity,restaurant,-7.2904265,112.7837949
Hisana Fried Chicken - Arief Rahman Hakim,amenity,restaurant,-7.2902926,112.7966139
Kutubuku Cafe,amenity,cafe,-7.2919893,112.8017236
Amourisol - Keputih,amenity,restaurant,-7.2904334,112.7928231
Warung Manteeb (Nasi Rawon & Nasi Pecel),amenity,restaurant,-7.2885457,112.7980477
Fam's Cafe,amenity,restaurant,-7.2826408,112.8014154
Kedai Te Risti,amenity,restaurant,-7.2905444,112.7956099
Warung Makan Sk Keputih,amenity,restaurant,-7.290257,112.799715
Nasi Uduk Bu Zaenab,amenity,restaurant,-7.2874857,112.8021411
Kedai Zakiyyah Surabaya,amenity,takeaway,-7.2902955,112.8012629
Sate Lok Lok Surabaya Cabang Keputih,amenity,shop,-7.2905051,112.7996284
Kantin Pustaka,amenity,restaurant,-7.2770706,112.7943454
Mafia Kebab Surabaya Keputih,amenity,restaurant,-7.291926,112.8083722
Nasi Goreng Master Keputih,amenity,restaurant,-7.2903444,112.7993702
Geprek Bangsus,amenity,restaurant,-7.2907138,112.8003335
Penyetan Lombok Ijo Keputih,amenity,restaurant,-7.2908297,112.8010025
Koko Masak,amenity,restaurant,-7.2884514,112.8118432
Nasi Goreng 55 Keputih Pasar,amenity,restaurant,-7.2900788,112.7992306
Kantin Geomatika,amenity,restaurant,-7.2801139,112.7944724
Bakaran Hauup,amenity,restaurant,-7.2893212,112.7833838
Keputih Permata 2 Diamond Regency Blok H10,amenity,restaurant,-7.2888137,112.8118889
Soto Ayam & Nasi Goreng Jawa Cak Lim,amenity,restaurant,-7.2916438,112.8017144
Bakso Kamandanu Kumis,amenity,restaurant,-7.2922514,112.8114228
Warung Nasi Jakarta,amenity,restaurant,-7.2942855,112.8086209
Ketoprak 25 Jakarta,amenity,restaurant,-7.2909933,112.8015883
Kedai Cemal Cemil,amenity,shop,-7.2892544,112.7834827
Masakan Padang Talago Indah,amenity,restaurant,-7.288948,112.800261
Savira Es Teler Sultan Keputih,amenity,shop,-7.291701,112.8055942
Warung Gubuk Bambu,amenity,restaurant,-7.2946705,112.8014078
Bfc Kantin ITS Surabaya,amenity,restaurant,-7.2836909,112.7941126
Lestari Istana Penyetan,amenity,restaurant,-7.28975,112.783958
Cobek Joss,amenity,restaurant,-7.2927135,112.8029817
Warung Monggo Mas,amenity,restaurant,-7.2910345,112.8016456
Warung Barokah Bu Atim,amenity,restaurant,-7.289622,112.801558
Kapok Lombok,amenity,restaurant,-7.290736,112.7962456
Seafood Jawara - Keputih,amenity,restaurant,-7.2881715,112.8164929
Warung Penyetan Ronggolawe,amenity,restaurant,-7.2905975,112.8001575
Pentol Gilaa Sakinah Supermarket,amenity,restaurant,-7.2907338,112.7963438
Warung Cahaya Gg Makam,amenity,restaurant,-7.290195,112.7971454
Bakmi Jawa Pak Kempet Surabaya,amenity,restaurant,-7.2897252,112.7830177
Sari Rasa,amenity,restaurant,-7.2896933,112.8001728
Warung Lesehan Sego Sambel Cak Kin,amenity,restaurant,-7.2900034,112.7989412
Soto Ayam Barokah,amenity,restaurant,-7.2904113,112.8001204
Crispyku Fried Chicken Keputih,amenity,takeaway,-7.2897406,112.7999153
Nasi Goreng Jawa Cak Ali,amenity,restaurant,-7.290767,112.8008166
Kebab Bara Turki Keputih,amenity,food court,-7.2899499,112.7988601
Bakso Unyil,amenity,restaurant,-7.2922398,112.8095175
Bebicare Keputih,amenity,restaurant,-7.2907959,112.8010225
Warung Kharisma Bahari,amenity,restaurant,-7.2917131,112.8061091
Soto Penyetan by Dn Yess,amenity,restaurant,-7.2757709,112.8058583
Ayam Geprek Mama,amenity,restaurant,-7.288477,112.802063
Soto Ayam Cak Nuris,amenity,restaurant,-7.2900206,112.7976125
Skaf Coffee & Tea,amenity,shop,-7.2917224,112.8120088
Warung Ikhwan Penyetan,amenity,restaurant,-7.2909358,112.8013575
Warung Sumber Rejeki,amenity,restaurant,-7.2903444,112.7993702
Warung Nambal (Nasi Sambal),amenity,restaurant,-7.2850815,112.8023094
Tahu Go! Keputih,amenity,restaurant,-7.2918984,112.8081821
Tanoshi Sushi,amenity,restaurant,-7.2892946,112.783372
Ayam Geprek Bae,amenity,restaurant,-7.2889298,112.7997367
Mak Ning,amenity,restaurant,-7.2905949,112.8006086
Nasi Goreng Cipto Roso,amenity,restaurant,-7.2923815,112.8016821
Iki Dimsum Surabaya,amenity,takeaway,-7.2917856,112.8017916
Bakso Gembira,amenity,restaurant,-7.2898021,112.783939
Bebek Goreng Sederhana,amenity,restaurant,-7.2904022,112.8114593
Ayam Sambal Ijo Sabila,amenity,restaurant,-7.2904602,112.7997271
Sari Tebu Murni Wijaya,amenity,restaurant,-7.2882031,112.8153215
Ayam Penyet Suroboyo Resto,amenity,restaurant,-7.2876401,112.8007114
Penyetan Mama Baratajaya Branch Stall,amenity,restaurant,-7.2899069,112.7974094
Depot Ning H5,amenity,restaurant,-7.2896748,112.8001136
Warung Langgeng Jaya,amenity,restaurant,-7.2922492,112.809622
Saridele Bee Sojel Sukolilo,amenity,restaurant,-7.2925577,112.8117488
Nasgor La,amenity,restaurant,-7.2891925,112.8005124
Bebek Purnama Pak Adi Keputih Tegal,amenity,restaurant,-7.2929881,112.8018719
Bakar Iwak,amenity,restaurant,-7.2900474,112.7975307
Mie Ayam Sederhana (Pak Ran),amenity,restaurant,-7.2871487,112.8008574
Kedai Ku-Pas,amenity,restaurant,-7.2918527,112.8017678
Sego Njamoer - Sakinah Supermarket,amenity,restaurant,-7.290736,112.7962456
Di Kos Ambek Dewe,building,boarding house,-7.2877038,112.8010754
Ayam Ngenes Reza Leki,amenity,restaurant,-7.2883741,112.795563
Nasi Goreng Djayaraya,amenity,restaurant,-7.2911653,112.8013394
Seblak Judes - Keputih,amenity,restaurant,-7.2909761,112.800949
Warung Pojok Pak Kin,amenity,restaurant,-7.2906557,112.8016866
Depot Podo Marem,amenity,restaurant,-7.2904601,112.7957003
Resep Mami Ayam Kecap,amenity,restaurant,-7.2864099,112.8100163
Sos - Point,amenity,takeaway,-7.2886493,112.7836333
Gangnam Surabaya,amenity,restaurant,-7.2872675,112.8142514
Warung Agung,amenity,restaurant,-7.289268,112.7834874
Emmy Imam,amenity,restaurant,-7.2934354,112.7983378
Sate Madura Enak,amenity,restaurant,-7.290293,112.7992078
Wapo Warung Pojok (Penyetan Ayam & Ati),amenity,restaurant,-7.2900165,112.8000208
Chiclin Keputih Surabaya,amenity,restaurant,-7.2908382,112.8006411
Ayam Bakar Wasiat Nenek,amenity,restaurant,-7.2895214,112.7830613
Geprek Jhemes,amenity,restaurant,-7.2852852,112.802287
Rama Catering,amenity,restaurant,-7.2909671,112.8001808
Sate Joko Tole Madura,amenity,restaurant,-7.2898513,112.797698
Soto Daging Pak Dolah Perlimaan Keputih,amenity,restaurant,-7.2915194,112.8019874
Mentai-Yaa,amenity,restaurant,-7.2921447,112.8135465
Waronk Ijoe,amenity,restaurant,-7.2892474,112.7834133
Warung Caca,amenity,restaurant,-7.2904294,112.7955804
Warung Ningmut (Rujak Cingur Cabang Terminal),amenity,restaurant,-7.2918706,112.8079564
Kedai Songolas 19,amenity,restaurant,-7.2899961,112.7944023
Warung Penyetan (NU),amenity,restaurant,-7.287594,112.800272
Cabang Nasi Uduk Bu Zaenab,amenity,restaurant,-7.2917037,112.8078767
Warung Wak Sokran,amenity,restaurant,-7.2878244,112.8005643
Seblak Steamboat Vblak,amenity,restaurant,-7.2900034,112.7989412
Master Martabak Bangka Keputih,amenity,restaurant,-7.2905465,112.7997283
Itk (Institut Telor Keputih),amenity,restaurant,-7.2898641,112.7998506
Sega Pak Gi,amenity,restaurant,-7.2923877,112.8113968
Saute,amenity,restaurant,-7.2881629,112.8126717
Nasi Kebuli Abah Rozzaq Store Depan Sakinah,amenity,restaurant,-7.2902529,112.7967457
Pakar Tunggal Nasi Uduk,amenity,restaurant,-7.2913005,112.8017363
Kebab N Crispy,amenity,shop,-7.2908964,112.8013261
Geprek Mamah Nyinyir,amenity,restaurant,-7.2897252,112.7830177
Warung Ada Sate,amenity,restaurant,-7.2893395,112.7833942
Ronde dan Dim Sum,amenity,cafe,-7.2907959,112.8010225
Raja Sate dan Soto,amenity,restaurant,-7.2852824,112.8022784
JF Kuliner,amenity,restaurant,-7.2903099,112.799325
Warung Cahaya,amenity,restaurant,-7.2876821,112.7939156
Nona Indisch - Toko Roti dan Diner Keloearga,amenity,restaurant,-7.2901387,112.7885641
Sate Mbak Ida 2,amenity,restaurant,-7.2904738,112.7996715
Kantin Bocca,amenity,restaurant,-7.2926997,112.795157
Nasi Jagung Pasar Keputih,amenity,restaurant,-7.2897459,112.7993885
Mie Gaber,amenity,shop,-7.2907472,112.7963068
Holden Martabak Terang Bulan,amenity,restaurant,-7.2924125,112.801624
Warung Sate Putri Tunggal,amenity,restaurant,-7.2904601,112.7957003
Nasi Bebek Penyet Goreng Cabang Purnama,amenity,restaurant,-7.2892886,112.8000908
Sate Padang Duo Putri,amenity,restaurant,-7.2901901,112.796845
Warung Maknyuss,amenity,restaurant,-7.2904601,112.7957003
Nasi Goreng Kediri Mas Jarot/Fajar,amenity,restaurant,-7.2903622,112.7998442
Ayam Geprek Mang Soetta Keputih,amenity,restaurant,-7.29012,112.7988537
Ratu Rasa 66,amenity,restaurant,-7.29234,112.8096808
Penyet & Pecel-Lele Cabang Purnama Keputih,amenity,restaurant,-7.2904353,112.8004302
Depot Adzkia,amenity,restaurant,-7.2893193,112.783536
Dimsum Mbledakkk,amenity,restaurant,-7.2918797,112.7976284
Seblak Resek Keputih,amenity,restaurant,-7.2899771,112.7989025
Kantin Kampus Plus,amenity,restaurant,-7.287509,112.7956679
Warung Sate Pak Yusup Pinggir Jembatan,amenity,restaurant,-7.2859776,112.8013269
Bubur Ayam Anisa Hang Tuah,amenity,restaurant,-7.2904918,112.7938816
Yasmin Kitchen Catering,amenity,restaurant,-7.2978511,112.7996111
Warung Ibu (Bu Ana),amenity,restaurant,-7.2747676,112.8006149
Warung Ss,amenity,restaurant,-7.2909139,112.7981289
Sate Taichan Sataichan,amenity,restaurant,-7.2896333,112.7830417
Rumah Makan Padang Uni 1,amenity,restaurant,-7.2876304,112.8006837
Kebab Turki Baba Rafi,amenity,restaurant,-7.290148,112.7962081
Djoeragan Sego Laris Manis,amenity,restaurant,-7.2900727,112.7876594
Mister Moou (Ayam Geprek Remuk),amenity,restaurant,-7.2907338,112.7963438
Nasi Penyetan Bu Waroh,amenity,restaurant,-7.2985708,112.8070653
Martabak Usus Keputih Tegal,amenity,restaurant,-7.2935561,112.801607
Warjo,amenity,restaurant,-7.2925266,112.7974185
Dapur Mamafong,amenity,restaurant,-7.2871595,112.8110173
Kebab Jumbo Barbar Keputih,amenity,shop,-7.2900995,112.797258
Sesuap Rasa,amenity,restaurant,-7.2894905,112.7986925
Royal Meatball,amenity,restaurant,-7.2902396,112.7996256
Penyetan Nasi Uduk,amenity,restaurant,-7.2897406,112.7999153
Gracious Soy Kingdom,amenity,restaurant,-7.2900182,112.7876786
Batagor Cilok Seblak Kedai Aulia Khas Bandung,amenity,restaurant,-7.2900422,112.7990371
Nasi Goreng Om Madura,amenity,restaurant,-7.2909325,112.8007845
Nasi Goreng Arang Mas Agus,amenity,restaurant,-7.2919733,112.8076884
Warung Penyetan DD,amenity,restaurant,-7.2928975,112.8015866
Pasar Wisata Harmoni Keputih,amenity,food court,-7.2950022,112.8017562
Sate - Gule Kambing Mbak Upik,amenity,restaurant,-7.2922821,112.8095034
Martabak Hanan,amenity,restaurant,-7.2903744,112.7998901
DiDaDo Kitchen,amenity,shop,-7.2899056,112.8155952
Warung Sr,amenity,restaurant,-7.28977,112.783964
Mie Aceh Bohhate,amenity,restaurant,-7.2900572,112.7979643
Warung Mbak Nik,amenity,restaurant,-7.2900237,112.7975387
Mie Ayam Barokah Keputih,amenity,shop,-7.2905972,112.8001579
Warung Lamongan Nasi Uduk,amenity,restaurant,-7.2903999,112.7957464
Batagor Somay Bandung,amenity,restaurant,-7.2902198,112.7959948
Warung Bu Is Seblak Pecel & Siomay,amenity,restaurant,-7.2892637,112.7834558
Nasi Goreng East Java & Dapur Putri 18,amenity,restaurant,-7.2910557,112.8017586
Sate Ayam & Gule Cak Sahar,amenity,restaurant,-7.2903529,112.7999505
Tahu Telor Pak Jayen,amenity,restaurant,-7.2667807,112.7680509
Rm Padang Asli Minang Pondok Salero Hj.ayang,amenity,restaurant,-7.2900997,112.7975427
Bubur Ayam Siliwangi Keputih,amenity,restaurant,-7.2904068,112.7964232
Lockdoun Korean Food Keputih,amenity,restaurant,-7.29012,112.7988537
Kedai Eyang,amenity,restaurant,-7.2756765,112.8036383
Taruna Jaya,amenity,restaurant,-7.2919076,112.8017961
Rm Solo Berseri,amenity,restaurant,-7.2901008,112.7868105
Namchiko - Keputih,amenity,restaurant,-7.289088,112.8000635
Tahu Campur Marina Cak Kholis,amenity,shop,-7.290594,112.7914822
Dapur Athaya,amenity,shop,-7.2893764,112.7834196
Warmindo Yhello,amenity,restaurant,-7.2973802,112.8007423
Kedai Gumule,amenity,cafe,-7.28915,112.800188
Dapur Alif,amenity,restaurant,-7.2859939,112.802731
Bakso Pasar,amenity,restaurant,-7.2901593,112.7988538
Warung Bakso 3M,amenity,restaurant,-7.2907835,112.8004188
Nasi Bebek Bumbu Goreng/Ayam Kampung Bumbu Goreng Pak Butak,amenity,restaurant,-7.2918003,112.8067942
Eling Dimsum,amenity,restaurant,-7.2897224,112.7834272
Warung Pecel Endang,amenity,restaurant,-7.2898131,112.7986878
Ricis Rujak Jambu Kristal - Keputih,amenity,shop,-7.2903736,112.7961433
Soto Ayam Imam Bonjol,amenity,restaurant,-7.2900487,112.7989223
Depot Mamaku,amenity,restaurant,-7.291689,112.8079981
Chili Chili Chicken,amenity,restaurant,-7.2899821,112.7981217
Medan Wei (Kuliner Khas Medan),amenity,restaurant,-7.2655759,112.8054473
Sas Cafe N Resto,amenity,cafe,-7.2702897,112.7986384
Bakwan Glenmoree,amenity,restaurant,-7.2658417,112.804484
Zeribowl - Mulyosari,amenity,restaurant,-7.2664745,112.7958404
Warung Bagus,amenity,restaurant,-7.2660114,112.7906514
Dapur Laut Gobar Seafood,amenity,restaurant,-7.2702231,112.7968186
Huang - Mulyosari,amenity,restaurant,-7.2629734,112.7957211
Depot Kwan Mie Keriting & Kwetiau Medan,amenity,restaurant,-7.269891,112.805306
Tang Kitchen San Antonio,amenity,restaurant,-7.2650927,112.8070695
Pawon Ijo,amenity,restaurant,-7.2648562,112.8069384
Kedai Mas Bro,amenity,restaurant,-7.2599876,112.7956408
Warung Larris San Antonio,amenity,restaurant,-7.2649354,112.8064728
Pinarak - San Antonio,amenity,restaurant,-7.2659541,112.80419
Masakan Mpok,amenity,restaurant,-7.2638888,112.7964262
Pork House 1719,amenity,shop,-7.2691453,112.7966466
Dapoer Manyar - Pakuwon City,amenity,restaurant,-7.2691261,112.807855
Kedai Ori San Antonio,amenity,restaurant,-7.2650994,112.8062369
Bakwan Ama Ho ( Bakwan Sapi & Mie ),amenity,restaurant,-7.265529,112.8057682
Rumah Makan Babatan,amenity,restaurant,-7.2523545,112.7919115
Pempek Farina - Mulyosari,amenity,restaurant,-7.2670263,112.7964071
Nature Vegetarian Restaurant Surabaya,amenity,restaurant,-7.2659997,112.7961579
Doux Butter,amenity,restaurant,-7.2658557,112.7961571
Kedai ITS Mie Geprekz,amenity,restaurant,-7.2652169,112.8067029
Kebon Ijo,amenity,restaurant,-7.2648426,112.806895
Warung Trisno Gandoel,amenity,restaurant,-7.2696972,112.805965
Nasi Jinggo Mm - San Antonio,amenity,restaurant,-7.2657978,112.8046738
Miso Amox Steak Bar,amenity,restaurant,-7.2653209,112.8055982
United Steaks - San Antonio,amenity,restaurant,-7.265147,112.8070483
Madame Tjoe - Pakuwon City,amenity,restaurant,-7.267744,112.8044389
Penyetan Lauk Pauk Pakuwon City,amenity,restaurant,-7.2655679,112.8053637
Mak Ni Store,amenity,restaurant,-7.2754656,112.8009298
Byeols Kitchen,amenity,restaurant,-7.2648804,112.8066927
Wasana Thai Gourmet,amenity,restaurant,-7.2654064,112.8049045
Warung Ayubi,amenity,restaurant,-7.259512,112.7939638
Depot Mulyosari 212 Khas Madura (Ibu Choirul Anam),amenity,restaurant,-7.266707,112.7959549
Bebek Goreng Pak Qomar Cabang Mulyosari,amenity,restaurant,-7.2663061,112.79583
Bubur Ayam Jakarta Bang Udin - Mulyosari,amenity,restaurant,-7.2678209,112.7961015
Ayam Goreng Bu Hartono,amenity,restaurant,-7.2610937,112.7956482
Mie Ayam Boencit,amenity,shop,-7.2656046,112.8042408
McDonald's Mulyosari,amenity,restaurant,-7.266736,112.7963992
Bakoel Bledhek Ny. Gie,amenity,restaurant,-7.264844,112.8069815
Depot Mak Engkong,amenity,restaurant,-7.2648579,112.8069312
Hokben Kitchen Mulyosari,amenity,restaurant,-7.2660972,112.7962617
Warung Nasi Campur Makan Solo Amier,amenity,restaurant,-7.2757855,112.8013427
Dw Khong Beng San Antonio,amenity,restaurant,-7.2653262,112.805459
Soto Gubeng Pjka Asli,amenity,restaurant,-7.2643724,112.7959003
Teras Satay,amenity,restaurant,-7.2655451,112.8045028
Depot Serry,amenity,restaurant,-7.2651147,112.8070736
Chun Li Noodle Bar,amenity,shop,-7.2690906,112.8079836
Nasi Goreng Jawa dan Bakso Pak Salim,amenity,restaurant,-7.2613649,112.7951732
Camaraderie Salad,amenity,shop,-7.2649301,112.8066278
Mie Ujung Pandang & Nyuknyang - Ming Niang - Asli Makassar,amenity,shop,-7.2656208,112.8041903
Restaurant Padang Sederhana - Pakuwon City,amenity,restaurant,-7.2697483,112.8057912
Warung Rasa Rakyat,amenity,restaurant,-7.2697865,112.8056517
Ayam Gepuk Pak Gembus Mulyosari - Ayam Gepuk Surabaya,amenity,restaurant,-7.2664992,112.7958764
Crunchaus,amenity,shop,-7.2650981,112.8065176
Mbak Gendut,amenity,restaurant,-7.26783,112.804471
Bakwan Subur Malang,amenity,restaurant,-7.2656824,112.80503
Go Kage Mulyosari,amenity,restaurant,-7.268518,112.796604
Kopi Titik Koma - San Antonio Pakuwon City,amenity,shop,-7.2652968,112.8053259
Warung Bu Mimit,amenity,restaurant,-7.259787,112.7921925
Pempek & Pindang Owen,amenity,restaurant,-7.2677913,112.7960974
Warung Nasi Bebek,amenity,restaurant,-7.2687811,112.7966915
Ateng Kwetiau,amenity,restaurant,-7.2650444,112.8062528
Nasi Kotak & Nasi Campur Bungkus Godong - Djoeragan Sego Laris Manis,amenity,restaurant,-7.2682588,112.7961644
Aroma Chinese Food 100% Halal,amenity,restaurant,-7.2682588,112.7961644
Nyidam Duren Surabaya Mulyosari || Tempat Wisata Durian Surabaya Timur,amenity,restaurant,-7.2666353,112.7951436
Pizza Hut Delivery - PHD Indonesia,amenity,takeaway,-7.2660436,112.7961772
Rumah Cakra - Mulyosari,amenity,restaurant,-7.2584167,112.7972746
Wapo Prasmanan 2,amenity,restaurant,-7.260787,112.789118
Happy Resto,amenity,restaurant,-7.2656656,112.8050959
Warung Ana,amenity,restaurant,-7.2738377,112.8020745
Pangsit Mie Bangka,amenity,shop,-7.267535,112.7975492
Mie Up Bersaudara (Torang Basudara),amenity,restaurant,-7.2657988,112.8046352
Mamak Nasi & Pecel,amenity,restaurant,-7.2658793,112.8042902
Cik Lan Kitchen San Antonio,amenity,restaurant,-7.2653242,112.8062295
Chi Fry Geprekan,amenity,restaurant,-7.2683348,112.7961256
Warung Ijo Sutorejo,amenity,restaurant,-7.261554,112.7877306
Sate Manyar Kalisari,amenity,restaurant,-7.2658616,112.8044914
Tempat Makan,amenity,restaurant,-7.2637292,112.7957699
Bakso Solmed 168,amenity,restaurant,-7.2692533,112.8073758
Nasi Goreng Jawa Cak Ali,amenity,restaurant,-7.2681934,112.7961491
Ayam Hitz Mulyosari,amenity,restaurant,-7.2686015,112.7965975
Nyapii Mulyosari Surabaya,amenity,restaurant,-7.2647242,112.7956223
Happy Suzy Pakuwon City,amenity,restaurant,-7.2650342,112.806301
Sate Taichan 88,amenity,restaurant,-7.2670875,112.7957985
Adam Sioke/Siobak,amenity,restaurant,-7.2655031,112.7957419
Chiclin Alfamidi Mulyosari,amenity,restaurant,-7.270166,112.796836
Rm Ligapelangi,amenity,restaurant,-7.2615047,112.7953538
Depot Nasi Campur Pojok Tambak Bayan,amenity,restaurant,-7.2654001,112.8061612
Rumah Makan Cempaka 21,amenity,restaurant,-7.2679786,112.7960998
Nasi Kuning Ambon Rasa,amenity,restaurant,-7.2681139,112.8045437
Kiloin Steak,amenity,restaurant,-7.2679128,112.7964463
Bakso Bjn,amenity,restaurant,-7.2651544,112.8058196
Makanyuk,amenity,restaurant,-7.265133,112.8069301
Alfa Resto,amenity,restaurant,-7.2695188,112.806548
Bakwan Babi Sejahtera,amenity,restaurant,-7.2670443,112.7960044
Sansoupe - San Antonio,amenity,restaurant,-7.2649493,112.8069849
Bakso dan Dendeng Djoeragan,amenity,restaurant,-7.2655978,112.8053951
Mie Ayam Cak Irul,amenity,restaurant,-7.268518,112.796604
Resto Kampoeng Timoer,amenity,restaurant,-7.2649294,112.8066317
Cocoro Surabaya,amenity,restaurant,-7.2620049,112.7960531
Pisang Goreng Bu Anie (San Antonio),amenity,restaurant,-7.2648852,112.80684
Bagoya Mulyosari,amenity,restaurant,-7.2670505,112.7957706
Jj's Sate Babi,amenity,restaurant,-7.2682489,112.7961745
Sate Babi Bu Lily,amenity,restaurant,-7.2653094,112.8060409
Soto Ayam Cak Tono,amenity,restaurant,-7.2733974,112.797501
Warung Bu Ina,amenity,restaurant,-7.2703562,112.8044535
Stasiun Kopi(coffee Station) Coffee Shop,amenity,shop,-7.2580446,112.7972607
Dapur Nita,amenity,restaurant,-7.2648912,112.8066348
Sibuya,amenity,restaurant,-7.2652295,112.8065993
Xiji - Mulyosari,amenity,restaurant,-7.2679786,112.7960998
Martabak Djuara - Mulyosari,amenity,restaurant,-7.266818,112.7959713
Ayam Goreng Citra Pemuda,amenity,restaurant,-7.2650548,112.8071944
Warung Bedjo Ayam Goreng Kremes Cak Iwan,amenity,restaurant,-7.2661425,112.7957766
Domino's Pizza,amenity,restaurant,-7.2669884,112.7964041
The Butcher Wagyu Steak - Mulyosari,amenity,restaurant,-7.2648291,112.7977929
Ayam Geprek Bu Im,amenity,restaurant,-7.2575982,112.796362
Depot Horee,amenity,restaurant,-7.2649218,112.8067161
Soto Daging Madura Pak Heri,amenity,restaurant,-7.262019,112.7956244
Kompor,amenity,restaurant,-7.2643204,112.7958556
Mie Kriting Manalagi,amenity,shop,-7.2648576,112.8069335
Nasi Pecel Mbak Nur Mulyorejo,amenity,restaurant,-7.2654692,112.7996352
Saraswati,amenity,restaurant,-7.265889,112.7957954
Hainam Bowls San Antonio,amenity,restaurant,-7.2657494,112.8048084
Bakso dan Mie Ayam Langgeng Jaya,amenity,restaurant,-7.2682443,112.7964988
Lalapan Cak Thofa (Cabang),amenity,restaurant,-7.2688905,112.7965933
Nasi Uduk Mbak Utami Khas Cianjur,amenity,restaurant,-7.263515,112.7958145
Koi Teppanyaki,amenity,restaurant,-7.2701772,112.7970489
Warung Sak Karepmu,amenity,restaurant,-7.2654673,112.8057776
Aliung Jaya,amenity,restaurant,-7.2655448,112.7957716
Bpk Sagoli (Saksang Goyang Lidah),amenity,restaurant,-7.2648516,112.806901
Sate Sarangan Kei,amenity,restaurant,-7.265441,112.8058134
Bebek Purnama Asyifa,amenity,restaurant,-7.2659385,112.7958094
Martabak Pecenongan 78 Mulyosari,amenity,restaurant,-7.267358,112.7959435
Rumah Durian Cemara,amenity,restaurant,-7.268601,112.7965681
Soto Pak Arif Kalisari,amenity,restaurant,-7.2583137,112.7951878
Nyah Cen - Spesial Dendeng Gimbal (Cabang Pakuwon City),amenity,restaurant,-7.2655067,112.8046272
Nasi Goreng Kambing Bin Ali,amenity,restaurant,-7.267946,112.7963895
Soto Madura Pak Men,amenity,restaurant,-7.2650852,112.8061333
Warung Endeezzz,amenity,restaurant,-7.269174,112.807577
Warung Nasi Campur Wolu Songo,amenity,restaurant,-7.2778012,112.8023148
Pak Djo Nasi Sayur Cabang St. Louis,amenity,restaurant,-7.2649401,112.8066657
Soto Daging Sapi Cak Gutteh,amenity,restaurant,-7.2686438,112.7962229
Martabak Hanan - Mulyosari,amenity,restaurant,-7.2682197,112.7961521
Dinda Stall,amenity,restaurant,-7.261727,112.7879809
Rumah Makan Bunda,amenity,restaurant,-7.2613855,112.7888574
Kwetiau Medan Ahua,amenity,shop,-7.2675791,112.796038
Ceker Huha Nyunyun,amenity,restaurant,-7.256812,112.7971978
Warung Penyetan Bu Tutik,amenity,restaurant,-7.268518,112.796604
Geprek Mawut 57,amenity,restaurant,-7.2655477,112.7991421
Rakku Rakku Ramen,amenity,restaurant,-7.2669175,112.7959605
Warung Makan Eco,amenity,restaurant,-7.2754028,112.7925944
Warung Tegal Citra Baru,amenity,restaurant,-7.280286,112.78965
Warung Bu Mar (Ibuk Marsiati),amenity,restaurant,-7.2861537,112.7861373
Warung Sederhana Gebang Wetan,amenity,restaurant,-7.2806695,112.7887335
Warung Cak Dun,amenity,restaurant,-7.2820692,112.7894067
Kwang Tung Cuisiine,amenity,restaurant,-7.2800857,112.788256
Warung Ibu,amenity,restaurant,-7.2826165,112.7871767
Onkei Japanese Restaurant,amenity,restaurant,-7.2773832,112.7861368
Warung Emak Murah Enak,amenity,restaurant,-7.2819149,112.789208
Rm Duo Saudara,amenity,restaurant,-7.2853922,112.7851585
Mie Ayam Nusantara,amenity,shop,-7.2808189,112.7881131
Penyetan Nasi Uduk Gebang,amenity,restaurant,-7.2836687,112.785528
Ampera Cahayo Minang,amenity,restaurant,-7.2820611,112.7858655
Kyuka Ramen - Kertajaya Indah,amenity,restaurant,-7.2798981,112.7878368
Warung Mamamu (Makan Makan Murah),amenity,restaurant,-7.2861686,112.8005147
Kai Katsu,amenity,restaurant,-7.281619,112.7862399
Warung Sederhana Gresik,amenity,restaurant,-7.2822128,112.7858274
Ciak Dimsum Bakar Mentai,amenity,restaurant,-7.2807792,112.7882845
Pangsit Mie Ayam Jakarta,amenity,shop,-7.2823374,112.7858515
Soto Ayam Cak di Lamongan,amenity,restaurant,-7.2818924,112.7860041
Penyetan Upik Jaya,amenity,restaurant,-7.2803729,112.789418
Iki Lho Warung Bu Anis,amenity,restaurant,-7.2826532,112.7894372
Warung Pojok Kulon,amenity,restaurant,-7.2820611,112.7858655
Geprek dan Penyetan Sambel Cowek,amenity,restaurant,-7.2812475,112.7876368
Ayam Geprek Joder Ka Dhani - PST Sukolilo,amenity,restaurant,-7.2814848,112.7871393
Warung Pecel Harta Berlimpah,amenity,restaurant,-7.2810658,112.7895981
Warung Bajoel 5758,amenity,restaurant,-7.2812114,112.7877786
Warung Roda,amenity,restaurant,-7.2821557,112.7874751
Adinda Warung,amenity,restaurant,-7.280323,112.788902
Depot Sumber Sari,amenity,restaurant,-7.2783202,112.7866708
Bakso Bem,amenity,restaurant,-7.280348,112.7891245
Bakso Asli Solo Pak Tono,amenity,restaurant,-7.2812233,112.7873977
Warung Tidak Dikenal,amenity,restaurant,-7.2855963,112.8008221
Kedai Zhuka,amenity,shop,-7.2844954,112.7853012
Seblak Prasmanan Taki Id,amenity,restaurant,-7.2859041,112.800217
Waroeng Cak Mir,amenity,restaurant,-7.2851463,112.785168
Fatty Patty by Koki Pinggiran - Gebang Putih,amenity,restaurant,-7.2828621,112.7872178
Warkop Sholawat Bang Azis,amenity,cafe,-7.2827591,112.7877201
Joglo Kopi,amenity,shop,-7.2824489,112.787072
Geprek Bang,amenity,takeaway,-7.2866075,112.8012364
Srikandi Fried Chicken,amenity,restaurant,-7.2818473,112.7861707
Geprek Josspolll Gebang Putih,amenity,restaurant,-7.2858904,112.7850213
Penyetan Sego Sambel,amenity,restaurant,-7.2807655,112.7882368
Bu Dedhe,amenity,restaurant,-7.2832425,112.788027
Warung Makan Bu Machiyah,amenity,restaurant,-7.2816694,112.7868129
Warung Prasmanan Bu Noen Ponorogo,amenity,restaurant,-7.282296,112.787261
Warung Sederana Murah,amenity,restaurant,-7.2806827,112.7887164
Sego Sambel Vitavio,amenity,restaurant,-7.2826239,112.7889986
Rujak Cingur Mas Adib Khas Trenggalek,amenity,restaurant,-7.285119,112.7850357
Pangsit Mie Ayam Jakarta Bu Tin,amenity,shop,-7.281648,112.787109
Warung Jaya,amenity,restaurant,-7.2870162,112.800973
Gudtaste,amenity,restaurant,-7.2870188,112.8014938
Bebek Pak Lukman,amenity,restaurant,-7.2815037,112.7887737
Pigmalion - Kertajaya Indah,amenity,restaurant,-7.2799737,112.7883127
Hungry District Kertajaya,amenity,restaurant,-7.2842817,112.7893599
Omah Dimsum Abnaystore,amenity,restaurant,-7.281716,112.786578
Gepruk Geprek Gebang,amenity,takeaway,-7.2808743,112.7884953
Depot Nasi Goreng Jakarta,amenity,restaurant,-7.2810284,112.7887021
Wonton Chi-Saad Gebang,amenity,restaurant,-7.2808149,112.7881878
Angop Gebang,amenity,restaurant,-7.2811726,112.7873293
Nasi Kebuli Abah Rozzaq Gebang Lor,amenity,restaurant,-7.2798834,112.7899178
Warung Mbak Ana,amenity,restaurant,-7.2806417,112.7886137
Mie Ayam & Bakso Gebang,amenity,shop,-7.286712,112.784955
Dewa Ayam - Gebang Putih,amenity,takeaway,-7.2860439,112.7849788
Warung Kasih Karunia,amenity,restaurant,-7.28105,112.7857714
Sate Klopo Bu Nur (Ayam dan Sapi),amenity,shop,-7.2806582,112.7889284
Warung Nasi Dualapan Nasi Pecel,amenity,restaurant,-7.2816389,112.7868207
Warung Penyetan Citra Rasa Bu Kepala,amenity,restaurant,-7.2802832,112.7895203
Penyetan Setia Kawan,amenity,restaurant,-7.2808221,112.788784
Tahu Tek Barokah,amenity,restaurant,-7.2855334,112.80145
Nasi Goreng Jawa ANZ,amenity,restaurant,-7.2825297,112.7864699
Soto Daging Madura M2B,amenity,restaurant,-7.2859257,112.7849787
Ampera Uni 3 Masakan Padang,amenity,restaurant,-7.2804363,112.7892558
Nasgor in Gebang,amenity,restaurant,-7.280828,112.7881172
Ampera Salero Makan,amenity,restaurant,-7.281317,112.7873911
Warung Tuban Bu Anwar,amenity,restaurant,-7.2845068,112.7852976
Depot Padang Sederhana,amenity,restaurant,-7.2833723,112.7882084
Warung Ning Koyum,amenity,restaurant,-7.2827359,112.7861682
Soto Ayam Lamongan Cak to,amenity,restaurant,-7.283488,112.7855315
Geprek Maszeh,amenity,restaurant,-7.2815697,112.7867213
Rock Chicken ITS Surabaya,amenity,shop,-7.2814173,112.7872906
Kelapa Muda Mas Ipin,amenity,restaurant,-7.2812268,112.7873558
Ayam Penyet,amenity,restaurant,-7.2833723,112.7882084
Sego Sambel Ss Klangenan,amenity,restaurant,-7.2843992,112.7851363
Warung Indomie,amenity,restaurant,-7.2856559,112.8002807
Wedangan Darjo,amenity,cafe,-7.2827607,112.7890249
Warung Mak Nur,amenity,restaurant,-7.2811756,112.7887688
Warung Cak Subhan,amenity,shop,-7.2813377,112.7865295
Kedai Letole,amenity,restaurant,-7.2867791,112.8000144
Depot Seger Waras,amenity,restaurant,-7.284075,112.788188
Geprekin Aja Gebang Lor,amenity,shop,-7.2816322,112.7876127
Nasi Goreng Pedas Gila,amenity,restaurant,-7.282342,112.7862789
Sate Ayam Madura Bang Kumis,amenity,restaurant,-7.2865675,112.7850164
Nasi Goreng 69,amenity,restaurant,-7.2855088,112.7850412
Ayam Geprek Inbox,amenity,restaurant,-7.2817571,112.7865793
Delivery Ayam Geprek,amenity,restaurant,-7.2813521,112.7886798
Street Food Bu Susila,amenity,shop,-7.2810051,112.7883261
Warkop & Penyetan Bonek,amenity,restaurant,-7.2828736,112.7874893
Nasi Jagung Khas Probolinggo,amenity,restaurant,-7.2844908,112.7851822
Masakan Padang Ampera Uni 2,amenity,restaurant,-7.2808477,112.788421
Bubur Bayi Organik Bebicare Gebang Putih,amenity,restaurant,-7.2822989,112.7858361
Penyetan Neng Kiss,amenity,restaurant,-7.2825003,112.7859521
Warung Penyetan & Nasi Babat Cak Agus,amenity,restaurant,-7.2811359,112.788639
Nasi Goreng Cumi Rifah Sukolilo,amenity,restaurant,-7.28082,112.788626
Soto Ayam Lamongan Cak Agus,amenity,restaurant,-7.280919,112.788603
Dimsum Takashi Murah Mak Nyuss,amenity,restaurant,-7.2872223,112.8010501
Kuliner. ini Bebek,amenity,restaurant,-7.2858588,112.7851122
Warung Bu Yayuk,amenity,restaurant,-7.2847364,112.7852579
Kedai Bankid 24,amenity,restaurant,-7.2827498,112.7863891
Warung Makan Putri,amenity,restaurant,-7.2876623,112.7848811
Dapur Mama Awa,amenity,restaurant,-7.2856337,112.8002284
Authentic Seblak,amenity,shop,-7.2808162,112.7879171
Ayam Geprek Mama Kenji,amenity,restaurant,-7.2813187,112.7874043
Warung Bu Kusman,amenity,restaurant,-7.2764075,112.787689
Sambelan Geprek Pakpo - Gebang Putih,amenity,restaurant,-7.282536,112.788054
Pawon Ibu,amenity,restaurant,-7.2761983,112.7892544
Satu Kilo Ayam,amenity,shop,-7.282555,112.787299
Royallobster Delivery Order,amenity,restaurant,-7.2778628,112.7896233
Siomay & Batagor Tante,amenity,restaurant,-7.2798702,112.7900624
Sabana Fried Chicken,amenity,takeaway,-7.2813705,112.7870054
Kebangetan (Kedai Bakar Kopi & Ketan),amenity,restaurant,-7.2804281,112.7892561
Siomay Batagor Al-Farizi,amenity,restaurant,-7.2821062,112.7865092
Lejend Berger,amenity,restaurant,-7.281043,112.7855166
Siomay Batagor & Es Buah 88,amenity,restaurant,-7.2820945,112.7857361
Sego dan Mie Ayam Mbok Rondo,amenity,restaurant,-7.2860679,112.7852049
Soto Ayam Palapa Cak Har,amenity,restaurant,-7.2770397,112.7839718
Sate Ayam 35 Ibu IIS,amenity,restaurant,-7.2799075,112.7899483
Warung No. 32 Wayang Tresno Uduk Steak Pok,amenity,restaurant,-7.2893635,112.7834711
Sempol,amenity,restaurant,-7.2812799,112.7875579
Pakuwon City Mall Surabaya,amenity,shop,-7.2755998,112.8055475
Ayam Geprek Jn Jaman Now,amenity,restaurant,-7.2809055,112.7882315
Bakso Pink Gebang,amenity,restaurant,-7.2832485,112.7867872
Bakso Pak No,amenity,restaurant,-7.2852537,112.7851729
Buff Merah Ling,amenity,restaurant,-7.2834124,112.7876436
Ceker Monyor,amenity,restaurant,-7.282346,112.7857914
Kebab Seho,amenity,restaurant,-7.2812994,112.7874325
Nasi/Mie Goreng Cak Kis,amenity,restaurant,-7.2851023,112.8019486
Ayam Bakar Manunggal 041 Gebangputih,amenity,restaurant,-7.2861133,112.7850691
Mie Ayam Yamin Joderwings Ka Dhani,amenity,restaurant,-7.2819003,112.7869236
Halim Jaya,amenity,restaurant,-7.277211,112.785454
Bakso Malang Azzaira,amenity,restaurant,-7.2859747,112.7857072
Warung Nasi Campur Cahaya,amenity,restaurant,-7.2848459,112.7848611
Solaria,amenity,restaurant,-7.2767691,112.8058989
Angkringan Papat Songo,amenity,shop,-7.2851407,112.7860302
Warung Bu Ketut Khas Bali (ITS),amenity,restaurant,-7.2795965,112.7891472
Tahu Campur & Bakso Bu Tira,amenity,restaurant,-7.2866861,112.7849395
Bebek Pulang Kantor,amenity,restaurant,-7.2820529,112.7896966
Seblak Talaga Jaya Bandung,amenity,restaurant,-7.2804429,112.7889923
Dapur Mbak Sum,amenity,restaurant,-7.2810352,112.7865712
Klepon Kertajaya,amenity,restaurant,-7.2796677,112.7868271
Ayam Bumbu Rempah,amenity,restaurant,-7.2816199,112.78695
Bakso Pak War,amenity,restaurant,-7.2843859,112.7890979
Pujasera De Boim Toko Warung Bu Zaenap,amenity,food_court,-7.2900361,112.7980408
Kedai KTT,amenity,restaurant,-7.2902622,112.8038106
Martabak dan Terang Bulan,amenity,restaurant,-7.2812303,112.7873892
Pentol Manunggal Roso,amenity,restaurant,-7.2859081,112.7862242
Es Degan dan Nasi Goreng Cak Poer,amenity,restaurant,-7.2798322,112.7900496
Kos Keputih Tegal Timur 3B D4,building,boarding house,-7.291041,112.8052917
Kost Keputih Tegal Timur II No. 34 (KTT II-34,building,boarding house,-7.2895419,112.8039941
Kurnia Kost (Putra),building,boarding house,-7.2909778,112.8068373
Kost Putra Hijau Ungu Keputih Tegal Timur 2 No 103,building,boarding house,-7.2869192,112.8039018
Kos Putri Keputih,building,boarding house,-7.2901916,112.8011656
Kost Oren Keputih,building,boarding house,-7.2894406,112.7989969
Kost Putra Keputih Tegal Timur 1 Kav 411,building,boarding house,-7.2895339,112.8035357
Kost Homey Putra,building,boarding house,-7.2887615,112.8037079
Kos Keputih Tegal Timur II No. 39,building,boarding house,-7.2886336,112.8041086
Kos Keputih Perintis II No.5,building,boarding house,-7.2891013,112.8006913
Kos Putri Eksklusif Teratai Nusantara - ITS UNAIR,building,boarding house,-7.289237,112.8009031
Kos Putra D'Homey,building,boarding house,-7.2919731,112.8056923
Kos Cendrawasih,building,boarding house,-7.2898773,112.8001311
Kost Putra Keputih Omakos 48 Hanafi,building,boarding house,-7.2935511,112.8042168
Kos 45,building,boarding house,-7.2928235,112.7982603
Kos Keputih ITS Muslimah Sabila,building,boarding house,-7.2883987,112.7988787
Kos Putri ITS Hang Tuah Ibu Widarti,building,boarding house,-7.2903389,112.8038212
Kos Muslimah SBL 3 ITS Surabaya,building,boarding house,-7.29168,112.7990354
Kost Limolas,building,boarding house,-7.2889626,112.7996798
Kost Putra Dekat ITS Surabaya,building,boarding house,-7.2938356,112.8045649
Kos Mahasiswi Dekat Kampus ITS,building,boarding house,-7.2885867,112.7991641
Kos ITS Lhoktuan (Kos Mahasiswa),building,boarding house,-7.2900329,112.8038155
Kost Hakam (Putra),building,boarding house,-7.2870255,112.803908
Kos Putra Muslim Bu Aisyah Dekat ITS Hang Tuah PENS dan PPNS,building,boarding house,-7.2925177,112.8057542
Rumah Dkost Kos Keputih,building,boarding house,-7.2943801,112.8126235
Kos Putra Kav. 38,building,boarding house,-7.2900815,112.8011812
B Kost ITS Kost Mahasiswi ITS Surabaya,building,boarding house,-7.2833409,112.7869616
Kos Putri 1B / 9,building,boarding house,-7.2883528,112.7985536
Rumah Kos Masmus,building,boarding house,-7.2891001,112.798466
Kos Putri D28,building,boarding house,-7.286407,112.8094249
Kost Nur Jana,building,boarding house,-7.2938744,112.8045259
Kos Ibu Sundari,building,boarding house,-7.2893684,112.7987695
Kos Pak Faroq Dasuki,building,boarding house,-7.2899426,112.8002091
Kos Putra Pondok Isna,building,boarding house,-7.2914276,112.7991587
Kost Ibu Laras Keputih,building,boarding house,-7.2882071,112.8012151
Kos Gholmasyn Pak Maulana,building,boarding house,-7.2941507,112.8071696
Kos Bu Wahid,building,boarding house,-7.2895004,112.8003736
Kos Griya Cendekia,building,boarding house,-7.2876195,112.7989329
Kost Shafira,building,boarding house,-7.2883255,112.7990063
Kost Putra Griya Pena,building,boarding house,-7.2876994,112.7989366
Kost Wisma X,building,boarding house,-7.2814307,112.7896072
Kos Putri Abah,building,boarding house,-7.2888336,112.7985157
Kost 20 Surabaya (Putra Dekat Kampus ITS),building,boarding house,-7.2827079,112.7862401
Kost Bu Anwar,building,boarding house,-7.2903195,112.8055282
Kost Putri Pak Wahyu,building,boarding house,-7.2960427,112.8003539
Kos Ardina House Keputih,building,boarding house,-7.2958125,112.8018125
Kost Ladies,building,boarding house,-7.2896371,112.8024303
Kost Dekat ITS & Kantin Kampus ITS Teknik Sipil I-16 Keputih Sukolilo Surabaya 60111,building,boarding house,-7.2874691,112.7957722
Kost Putri ITS,building,boarding house,-7.2903581,112.8014448
Kost Wanita merak,building,boarding house,-7.2908623,112.8002797
Kos Putri Wowin Keputih,building,boarding house,-7.2909508,112.8000524
Kos Putri Keputih Tegal Timur Iiia,building,boarding house,-7.2909112,112.8042936
Kos Putri Marina Emas Timur Ic-12,building,boarding house,-7.2924793,112.807022
Kos Agian 2 Keputih,building,boarding house,-7.2907143,112.8075817
Kost Ibu Anisa,building,boarding house,-7.2858166,112.8019331
Rumah Kos 'Pondok Adira',building,boarding house,-7.2873333,112.7985848
Kos Putri Bu Anis,building,boarding house,-7.2891001,112.798466
Kost Green House,building,boarding house,-7.2879923,112.7992805
Kos 3 Dara,building,boarding house,-7.2878412,112.8014828
Kos Perumdos ITS Blok T-90,building,boarding house,-7.2868906,112.7983624
Kost Putri Intan,building,boarding house,-7.292573,112.7977094
Kost Putri Bu Yusuf,building,boarding house,-7.2920108,112.7992987
Kost Putra Hijau Ungu Keputih 3A No 9,building,boarding house,-7.2908627,112.7994765
Kos 24.a,building,boarding house,-7.2878629,112.8017271
Kos Putri Kuning Keputih,building,boarding house,-7.2885547,112.7978781
Omah Kos B8,building,boarding house,-7.2921977,112.8047257
Kos Putri Rina,building,boarding house,-7.2926482,112.8083096
Kos Putra ITS BME E-110,building,boarding house,-7.2885289,112.803081
Kost Putri Syafa,building,boarding house,-7.2880295,112.7989557
Kosan Cak YIT,building,boarding house,-7.28493,112.801272
Kost Bu,building,boarding house,-7.2923565,112.8098348
Kos Pak Rohim Keputih Tegal Timur,building,boarding house,-7.2907748,112.8082826
Kost Putra Dekat ITS ARVI,building,boarding house,-7.2935674,112.8042735
Kos De Bougenville' D-10,building,boarding house,-7.2890906,112.8097368
Kost Putri,building,boarding house,-7.2895072,112.7986476
Kos Bu Wiwid,building,boarding house,-7.290549,112.7987206
Kost Putri A-6 Surabaya,building,boarding house,-7.2892279,112.795407
Kos Putri Perintis V,building,boarding house,-7.2881639,112.8012723
Kost Putra Graha Keputih 1,building,boarding house,-7.2896794,112.8035213
Kost Putra Keputih Makam,building,boarding house,-7.2914424,112.7967624
Kos Putra Pak Karyo,building,boarding house,-7.2924101,112.8071213
Kos-Kosan Pak Sutrisno,building,boarding house,-7.2824231,112.8011343
Kost Putra Arda Keputih Sukolilo,building,boarding house,-7.2949653,112.8131724
Kos Putri Vinakos,building,boarding house,-7.2881369,112.8029937
Kos Aris,building,boarding house,-7.2917173,112.7978568
Kos Putri Muslimah 3A Keputih Permai,building,boarding house,-7.2893206,112.8097773
Kos Muhlisin,building,boarding house,-7.2917999,112.7985425
Kos Suem II Kampus ITS,building,boarding house,-7.2878299,112.799452
Kost Putri Arh 24,building,boarding house,-7.2904601,112.7957003
Kost Putra Pak Rizal,building,boarding house,-7.2856852,112.8013736
Kos Murah Keputih,building,boarding house,-7.2862111,112.8001552
Kost Putra Bandi's,building,boarding house,-7.2889355,112.8040339
Kos Keputih,building,boarding house,-7.2904193,112.7955597
Kost Putri,building,boarding house,-7.2767604,112.788793
Kos Jack Orenji,building,boarding house,-7.2910299,112.8062519
Kost Muslimah Keputih Tegal,building,boarding house,-7.291195,112.801371
Kos Putra Eksklusif Elzhagi,building,boarding house,-7.2900256,112.8037721
Kos A Pak Agam,building,boarding house,-7.2873354,112.7980658
Kost Bu Sumiadi Blok U ITS 166,building,boarding house,-7.2834231,112.8006663
Kost Putri Muslimah Emak,building,boarding house,-7.2923806,112.7974274
Kos Putri Deket ITS,building,boarding house,-7.292969,112.8137863
Kos Suem I Kampus ITS,building,boarding house,-7.289591,112.8028191
Kos Putra Bu Ida,building,boarding house,-7.2907082,112.8095023
Kos M3,building,boarding house,-7.2877993,112.7959343
Kos Quran 9,building,boarding house,-7.2920634,112.800204
Kos Putra Abhipraya Kost,building,boarding house,-7.296751,112.8043811
Kos Putri Muslimah Hasan,building,boarding house,-7.2910864,112.7987986
Kost Putri Bumi Marina Emas,building,boarding house,-7.293069,112.804181
Kos Keputih Haji,building,boarding house,-7.2881715,112.8164929
Kos Pak Achmad Blok U-60,building,boarding house,-7.2834771,112.7999776
Ay Ney Kost,building,boarding house,-7.2912432,112.7986219
Kost Ibu Qomariyah,building,boarding house,-7.2970148,112.806872
Radja Kost,building,boarding house,-7.2896134,112.8016438
Kost Putri untuk ITS dan Hang Tuah,building,boarding house,-7.2878999,112.8035625
Rumah Kos Keputih,building,boarding house,-7.2887978,112.8004817
Kos Putra APP,building,boarding house,-7.2911679,112.8082914
Kos Keputih Gg. Iiic No. 25S,building,boarding house,-7.2915899,112.801196
Kos Aira,building,boarding house,-7.290816,112.805517
Kos Putri Muslimah 3A Keputih (BME),building,boarding house,-7.2875912,112.8034712
Kos Putri U-161,building,boarding house,-7.2838794,112.8006642
Kost Putri ITS Uht III C,building,boarding house,-7.2906345,112.8059146
Kost Putri 45,building,boarding house,-7.2926543,112.8084354
Kos Putri Rafifa,building,boarding house,-7.2878556,112.7985645
Kos Griya Putra BME,building,boarding house,-7.2926965,112.8073949
Budipriyono Kost,building,boarding house,-7.2907801,112.8070473
Kos C Bu Evi,building,boarding house,-7.287655,112.7994737
Kos Putri Bu Nita,building,boarding house,-7.290502,112.801682
Kos Putra Pak Budi,building,boarding house,-7.2873754,112.8040592
Kost Putra Family House 1 - BME Keputih,building,boarding house,-7.2927233,112.8079034
Kos KTT 122,building,boarding house,-7.2902315,112.8034889
Kost KTT V Djoko,building,boarding house,-7.291024,112.8037083
Kos Keputih 53 + Oren,building,boarding house,-7.2895399,112.7991735
Kos Pak Seger,building,boarding house,-7.2914696,112.7990787
Kost Pak Agus,building,boarding house,-7.2880451,112.79867
Adezera Kost,building,boarding house,-7.280741,112.802279
Kosan Pak Budi,building,boarding house,-7.2876358,112.7995417
Kos Putri Paramita,building,boarding house,-7.2930295,112.7972533
Kos Putra Hasan,building,boarding house,-7.2904945,112.7998288
Kost Damai,building,boarding house,-7.2857777,112.8038515
Kos Orange Bu Firly,building,boarding house,-7.2884672,112.7978793
Kos Pak Marsudi,building,boarding house,-7.2876494,112.7983914
Kost Putra Dekat ITS Bu Samsul,building,boarding house,-7.2857686,112.801508
Kost Putri Griya Osma,building,boarding house,-7.2901954,112.802299
Kos Putra Laki Laki Mahasiswa ITS PENS PPNS UNAIR Kampus C,building,boarding house,-7.2752235,112.7933858
Pondok Putih Kos Putra SPR E-25,building,boarding house,-7.2877831,112.8114244
Kos Putri,building,boarding house,-7.2818693,112.7994955
Mrs. Yeni's Son's Boarding House,building,boarding house,-7.2748732,112.8001556
Kos Rauf,building,boarding house,-7.2910301,112.8060363
Kost Putri Merpati,building,boarding house,-7.2901703,112.7885801
Kos Keputih Gg. 1D No 48 E,building,boarding house,-7.2876081,112.7995609
Hebras Kost (Khusus Putri),building,boarding house,-7.296042,112.8022635
Rumah Kost Happy Home 76,building,boarding house,-7.2916924,112.8055294
Kos Putra Putri Dekat ITS GL 88,building,boarding house,-7.2804476,112.7891679
Kos 47,building,boarding house,-7.2925959,112.7983981
Kos Griya Putri Bu Lidia BME,building,boarding house,-7.2927507,112.8080112
Kos Keputih Gang Makam Blok A No.3,building,boarding house,-7.2908563,112.7972759
Kos Putra Keputih 48A,building,boarding house,-7.2902743,112.7967495
Kost Putra Jasrah ITS,building,boarding house,-7.293776,112.803741
Kos Putri Pak Suwoyo,building,boarding house,-7.2927406,112.797935
Kos Putri Nuri,building,boarding house,-7.2809987,112.7877719
Kos JFY House,building,boarding house,-7.2924422,112.8123868
Kos Marina Emas,building,boarding house,-7.2926291,112.8069606
Kos Putra Keputih,building,boarding house,-7.2886,112.80963
Kos Kosan,building,boarding house,-7.2968068,112.8045559
Kos Zakia,building,boarding house,-7.2934069,112.7975055
Kos Putra Pak Ludi D-31,building,boarding house,-7.2862413,112.809426
Funlibin Kos,building,boarding house,-7.2922587,112.8002677
Kost Putri Keputih 76,building,boarding house,-7.2811592,112.8024924
Kost Muslim J4,building,boarding house,-7.2873244,112.7944274
Kos Putra Pak Wayan,building,boarding house,-7.2905993,112.8059686
Fancy House,building,boarding house,-7.2925969,112.8077404
Kos KaTeJe,building,boarding house,-7.2911189,112.810035
Enam Tiga Kos Putra,building,boarding house,-7.291928,112.8073397
Kos Putri 37,building,boarding house,-7.2921612,112.7989369
Kos WW,building,boarding house,-7.281442,112.7886731
Kos MET 537,building,boarding house,-7.2936414,112.8075418
Kos Exclusive Permata Sofi (Khusus Putri),building,boarding house,-7.2833438,112.8015087
Kost Putri 70A Gebang Kidul,building,boarding house,-7.2829108,112.788471
Kos Sugeng Winardi,building,boarding house,-7.2910491,112.8075242
Kost Pria Dekat ITS (Rumah Kita 3),building,boarding house,-7.2915692,112.8041667
Kost Putri Dekat ITS UNAIR UWM Pakuwon City,building,boarding house,-7.267671,112.797325
Kos Ibu Dian 22,building,boarding house,-7.2826364,112.7862839
Kos Pak Nasa'i,building,boarding house,-7.2757322,112.791114
Kos Putra ITS,building,boarding house,-7.2806884,112.7884712
Kos Putra Perum ITS J55,building,boarding house,-7.2871957,112.7937404
Kos Muslimah Barokah,building,boarding house,-7.2892653,112.7992242
Kos Keputih 59B,building,boarding house,-7.2919874,112.8008858
Kos Gebang Kidul 54-G,building,boarding house,-7.2832667,112.7876432
Kos Putra SPR F-38,building,boarding house,-7.2878962,112.8112191
Kos Bu Dian,building,boarding house,-7.2884854,112.801398
Kos Putri Pak Yudi,building,boarding house,-7.290094,112.7966666
Kos Aba Seno,building,boarding house,-7.284341,112.8027017
Kost Putra Keputih Tegal Timur 1 No 4,building,boarding house,-7.2911334,112.8034988
Kos Endah Sukolilo,building,boarding house,-7.2904167,112.8134608
Kos Putra 26A,building,boarding house,-7.2935101,112.7972719
Kos Putra Bapak Nasihin,building,boarding house,-7.2907306,112.7990841
Calluella Kos (C-Kos),building,boarding house,-7.2916698,112.7968566
Lavita Residence (Kost),building,boarding house,-7.2864771,112.8040958
Still Kost,building,boarding house,-7.2906409,112.8059099
Kos Ibu Riya Keputih,building,boarding house,-7.2930244,112.811208
Kost Putri Perumdos T - 2,building,boarding house,-7.2860436,112.7978711
Kost Hanna,building,boarding house,-7.2577428,112.797521
Kost Mahasiswi Muslimah Cahaya Bulan 2,building,boarding house,-7.2734372,112.8008293
Kos,building,boarding house,-7.2711644,112.8028775
Kost 69,building,boarding house,-7.266776,112.8002428
Kost Queen 74,building,boarding house,-7.2735056,112.8030916
Kost Campur,building,boarding house,-7.264991,112.8006723
Kost Putri Melati Surabaya,building,boarding house,-7.2598898,112.7962533
Kost Cahyono,building,boarding house,-7.2652627,112.7982713
Kost Putri Sutorejo Selatan Mulyosari - SS66,building,boarding house,-7.2708455,112.7956462
Kost Putra Putri Bebas,building,boarding house,-7.2636889,112.7971818
Kos Putri,building,boarding house,-7.2629098,112.8019254
Kost Sorrento,building,boarding house,-7.2724428,112.803294
Kos Putri Bu Is,building,boarding house,-7.2683114,112.8005579
Kost Putri Central Park Mulyosari BA-2A,building,boarding house,-7.2658667,112.7967508
Kos Putri SB,building,boarding house,-7.2696867,112.7933519
Kost Putra Surabaya Mulyosari Dekat ITS,building,boarding house,-7.2639347,112.7966536
Kos Kalisari JMC 22,building,boarding house,-7.2587251,112.7946659
Kost Muslimah,building,boarding house,-7.26904,112.7941689
Ambar24 Kos Putri,building,boarding house,-7.269603,112.7934219
Mulyosari Boarding House,building,boarding house,-7.2616368,112.7970284
Kos Jantan Mulyosari,building,boarding house,-7.2685711,112.8000067
Kos Pria Griya Barokah,building,boarding house,-7.2645384,112.7919817
Kost Putri West Coast-2 Mulyosari,building,boarding house,-7.2633653,112.7977467
Kos Putra Kalisari Damen,building,boarding house,-7.2733049,112.8026159
Pondok D'Chung Kost Putri,building,boarding house,-7.2604201,112.7989647
Kost Murah Surabaya Timur,building,boarding house,-7.2566104,112.7951516
Second Family Kost Wanita,building,boarding house,-7.2607458,112.7987443
Kost Putri AGASSI,building,boarding house,-7.2579649,112.796752
Kost Putra Surabaya Bhaskara D 29 Dekat ITS,building,boarding house,-7.2686285,112.7986111
Kost Fitri Residence,building,boarding house,-7.2701989,112.7949572
Kost Putra Musix 22,building,boarding house,-7.2606543,112.7977732
Kos BangBer,building,boarding house,-7.2685139,112.8006011
Kost Putri Indah,building,boarding house,-7.2580622,112.7964612
Kost Restu Ibu,building,boarding house,-7.263177,112.8012849
Kost Putra Mulyosari,building,boarding house,-7.2639009,112.7971702
Kos Putri Idaman,building,boarding house,-7.261678,112.79948
Kost Khusus Puteri Edelweiss Edwin Robbin,building,boarding house,-7.2735372,112.8024282
Kos Julex E5,building,boarding house,-7.2692733,112.797857
Kos BPD 42,building,boarding house,-7.264695,112.8000617
Kos Putra - RumakosMusix,building,boarding house,-7.2610329,112.7981215
Kost Putri 8 Mulyosari Utara ( Menyediakan Kost Putri / Mahasiswi / Pekerja Dekat dengan Kampus WK UNMU ITS dan UNAIR C,building,boarding house,-7.2615957,112.7964466
Kos Putri Ayska,building,boarding house,-7.2620199,112.799766
Kos Putri Khodijah,building,boarding house,-7.2678914,112.7976801
Kost Khusus Putri,building,boarding house,-7.2693523,112.7960766
Kos Putri Eksklusif Tien Safira,building,boarding house,-7.2637595,112.8009576
Kost Deluxe,building,boarding house,-7.266084,112.790536
Kost Putra Surabaya Bhaskara D 11 Dekat ITS,building,boarding house,-7.2687769,112.797702
Kost Stay.vie Co-Living Menzzanine & Womenzzanine,building,boarding house,-7.261185,112.8000789
Kost Stayvie Co-Living Bhaskara Sari O'six,building,boarding house,-7.2677281,112.7969437
Kos Putra Bhaskara II,building,boarding house,-7.2677073,112.800602
Kos Putri Sutorejo Berkah,building,boarding house,-7.2706492,112.7957223
Kost Putri Mesari,building,boarding house,-7.2618438,112.7989925
Kost Putri West Coast-1,building,boarding house,-7.26235,112.7976566
Kos Putri Linda Mulyosari,building,boarding house,-7.2622374,112.7961643
Kost Putri Telly Ac/Non AC,building,boarding house,-7.2595236,112.7962952
Kos Bu Arin,building,boarding house,-7.2752661,112.799868
Kos Putri Sutorejo Tengah NN 13,building,boarding house,-7.267527,112.790137
Kos Julex,building,boarding house,-7.269265,112.7977396
MTB Kost Putra #MimpiTanpaBatas,building,boarding house,-7.263298,112.8019557
Kos Mulyosari BPD F-30,building,boarding house,-7.2653651,112.7992353
Kost Putri Stay.vie Coliving Lily Serenity Mulyosari Timur - Surabaya,building,boarding house,-7.2590773,112.7978663
Kos Putra BT 10,building,boarding house,-7.268605,112.797577
Kos Putri/Penginapan,building,boarding house,-7.2589882,112.7971331
Kos Kirana 1,building,boarding house,-7.273485,112.7989319
